layer	model	ROC_AUC	accuracy	balanced_accuracy	F1_LUSC	sensitivity_LUSC	specificity_LUAD
DNA methylation	Elastic net	0.9866483433355187	0.9559082892416225	0.9522479701447375	0.9486652977412731	0.9203187250996016	0.9841772151898734
DNA methylation	Random forest	0.9981088305007817	0.9876543209876543	0.9872850370669222	0.9860279441117764	0.9840637450199203	0.990506329113924
RPPA	Elastic net	0.9685435473296686	0.9329805996472663	0.9296295829340864	0.9224489795918367	0.900398406374502	0.9588607594936709
RPPA	Random forest	0.965618538504211	0.8994708994708994	0.8938297443138837	0.8814968814968814	0.8446215139442231	0.9430379746835443
mRNA	Elastic net	0.9890942558878411	0.9523809523809523	0.9486736597912149	0.9445585215605748	0.9163346613545816	0.9810126582278481
mRNA	Random forest	0.9884134348681224	0.9576719576719577	0.9546497554087447	0.9510204081632653	0.9282868525896414	0.9810126582278481
