layer	model	mean_ROC_AUC	sd_ROC_AUC	mean_balanced_accuracy	sd_balanced_accuracy	mean_F1_LUSC	sd_F1_LUSC
DNA methylation	Elastic net	0.9857006302521009	0.01628625559870831	0.9523731909430438	0.02422347083868616	0.948779768406154	0.027561057442448904
DNA methylation	Random forest	0.9975046685340803	0.003417772708865595	0.9873661297852474	0.01470542560991315	0.986136660724896	0.01642360782348295
RPPA	Elastic net	0.9748035714285714	0.01571195632186096	0.9297635971055089	0.026214736299915647	0.9227219268213377	0.02993727666158633
RPPA	Random forest	0.9660574229691876	0.02520106404410037	0.8941015989729225	0.05295696909449589	0.8799088373023903	0.06160055370582494
mRNA	Elastic net	0.9911851073762838	0.007408070144909363	0.9488395191409897	0.025005240557250025	0.9444075458987093	0.028409434177228087
mRNA	Random forest	0.9898983426704014	0.008951810323158565	0.9548003034547152	0.02317672967619324	0.9508878475476413	0.025887238002028034
